Country,Product,Total_Revenue,Total_Boxes,Revenue_Per_Box
USA,Choco Coated Almonds,41741,333,125.34834834834835
India,Smooth Sliky Salty,76041,722,105.31994459833795
India,Organic Choco Syrup,68075,897,75.89186176142698
Canada,Almond Choco,42028,556,75.58992805755396
USA,Baker's Choco Chips,42420,598,70.93645484949833
New Zealand,Eclairs,60319,890,67.77415730337079
Australia,Caramel Stuffed Bars,39949,594,67.25420875420875
USA,Organic Choco Syrup,51191,773,66.22380336351875
Canada,50% Dark Bites,45115,686,65.76530612244898
Canada,White Choc,46095,701,65.75606276747503
UK,Peanut Butter Cubes,79695,1265,63.0
UK,Almond Choco,59948,990,60.55353535353535
UK,Orange Choco,42252,698,60.532951289398284
USA,Manuka Honey Choco,67732,1150,58.89739130434783
UK,85% Dark Bars,41447,704,58.87357954545455
UK,99% Dark & Pure,79100,1396,56.66189111747851
New Zealand,Baker's Choco Chips,45906,812,56.53448275862069
USA,White Choc,67221,1204,55.83139534883721
USA,Raspberry Choco,83524,1497,55.79425517702071
UK,Spicy Special Slims,37562,685,54.83503649635036
India,Peanut Butter Cubes,76909,1445,53.2242214532872
Australia,Fruit & Nut Bars,53088,1000,53.088
India,50% Dark Bites,64547,1237,52.1802748585287
Australia,Choco Coated Almonds,37345,718,52.0125348189415
Canada,Milk Bars,41727,829,50.33413751507841
India,Raspberry Choco,39501,788,50.128172588832484
USA,Mint Chip Choco,36323,747,48.62516733601071
Australia,Eclairs,64323,1331,48.326821938392186
UK,Choco Coated Almonds,56091,1178,47.615449915110354
USA,Milk Bars,48251,1025,47.07414634146341
Australia,Mint Chip Choco,50701,1079,46.98887859128823
New Zealand,Almond Choco,29211,625,46.7376
Australia,Baker's Choco Chips,58303,1257,46.382657120127284
New Zealand,Choco Coated Almonds,20888,455,45.90769230769231
New Zealand,White Choc,57876,1267,45.67955801104972
New Zealand,Fruit & Nut Bars,47124,1033,45.61858664085189
India,Mint Chip Choco,69153,1516,45.61543535620053
New Zealand,99% Dark & Pure,31773,707,44.94059405940594
USA,Almond Choco,48650,1095,44.42922374429224
New Zealand,After Nines,55699,1316,42.32446808510638
India,Drinking Coco,45892,1101,41.68210717529519
Canada,Peanut Butter Cubes,62181,1492,41.67627345844504
New Zealand,Spicy Special Slims,36127,869,41.57307249712313
Australia,Raspberry Choco,52829,1291,40.92099147947328
Australia,99% Dark & Pure,54908,1350,40.67259259259259
UK,Smooth Sliky Salty,75628,1865,40.551206434316356
Canada,85% Dark Bars,37926,950,39.922105263157896
New Zealand,70% Dark Bites,37226,933,39.89924973204716
India,Eclairs,79009,1985,39.803022670025186
India,Almond Choco,50820,1296,39.21296296296296
New Zealand,85% Dark Bars,67550,1750,38.6
USA,Eclairs,45192,1177,38.39592183517417
Australia,White Choc,57386,1510,38.00397350993377
Australia,Peanut Butter Cubes,41055,1087,37.769089236430545
UK,Fruit & Nut Bars,42266,1122,37.67023172905526
New Zealand,50% Dark Bites,35294,939,37.58679446219382
Canada,70% Dark Bites,59024,1578,37.404309252218
India,Spicy Special Slims,75495,2037,37.06185567010309
Canada,Baker's Choco Chips,36456,985,37.011167512690356
USA,Drinking Coco,38059,1038,36.665703275529864
USA,Caramel Stuffed Bars,37590,1028,36.56614785992218
India,85% Dark Bars,56630,1584,35.75126262626262
Australia,Organic Choco Syrup,60445,1693,35.7028942705257
USA,85% Dark Bars,57197,1605,35.63676012461059
UK,Manuka Honey Choco,42602,1202,35.44259567387687
UK,White Choc,67683,1929,35.08709175738725
Canada,Spicy Special Slims,58051,1659,34.9915611814346
New Zealand,Orange Choco,30758,885,34.75480225988701
UK,After Nines,34524,999,34.55855855855856
USA,Smooth Sliky Salty,45493,1320,34.464393939393936
Australia,Orange Choco,59717,1733,34.458742065781884
New Zealand,Mint Chip Choco,86709,2537,34.177769018525815
Australia,Smooth Sliky Salty,45269,1326,34.139517345399696
New Zealand,Manuka Honey Choco,49889,1476,33.800135501355015
Australia,Milk Bars,61173,1821,33.593080724876444
Canada,Manuka Honey Choco,50589,1523,33.2166776099803
USA,70% Dark Bites,20580,631,32.614896988906494
UK,Raspberry Choco,43421,1350,32.1637037037037
Australia,85% Dark Bars,38479,1200,32.06583333333333
Australia,Manuka Honey Choco,45969,1439,31.945100764419735
USA,50% Dark Bites,57442,1805,31.82382271468144
Canada,Fruit & Nut Bars,49924,1569,31.818992989165075
USA,Orange Choco,49042,1545,31.74239482200647
India,After Nines,58758,1874,31.354322305229456
Canada,After Nines,41993,1350,31.105925925925927
Canada,99% Dark & Pure,44198,1427,30.972669936930625
UK,Eclairs,39277,1273,30.853888452474468
Australia,After Nines,27769,912,30.448464912280702
Canada,Smooth Sliky Salty,68257,2271,30.055922501100838
New Zealand,Smooth Sliky Salty,39004,1306,29.86523736600306
Canada,Orange Choco,51156,1719,29.759162303664922
Australia,Spicy Special Slims,61005,2050,29.758536585365853
Australia,Drinking Coco,52199,1797,29.04785754034502
India,99% Dark & Pure,41923,1455,28.813058419243987
Australia,50% Dark Bites,89222,3182,28.039597737272157
Canada,Organic Choco Syrup,36631,1314,27.877473363774733
USA,Peanut Butter Cubes,33628,1209,27.814722911497103
New Zealand,Milk Bars,36855,1335,27.60674157303371
New Zealand,Organic Choco Syrup,53074,1952,27.18954918032787
New Zealand,Caramel Stuffed Bars,34013,1256,27.080414012738853
UK,Drinking Coco,41384,1531,27.03069888961463
New Zealand,Raspberry Choco,32592,1218,26.75862068965517
USA,99% Dark & Pure,47894,1792,26.7265625
UK,50% Dark Bites,50092,1943,25.780751415337107
New Zealand,Drinking Coco,31157,1213,25.68590272052762
UK,Milk Bars,57036,2251,25.338071968014216
Canada,Drinking Coco,47964,1980,24.224242424242423
USA,After Nines,42588,1806,23.58139534883721
USA,Fruit & Nut Bars,48377,2061,23.472586123241147
UK,Caramel Stuffed Bars,51233,2184,23.458333333333332
Canada,Choco Coated Almonds,57463,2452,23.43515497553018
India,70% Dark Bites,34713,1511,22.973527465254797
India,Milk Bars,24206,1069,22.64359214218896
UK,Organic Choco Syrup,25284,1120,22.575
India,Baker's Choco Chips,27510,1265,21.74703557312253
India,Caramel Stuffed Bars,35427,1635,21.667889908256882
Australia,Almond Choco,46879,2174,21.563477460901563
India,Choco Coated Almonds,27958,1328,21.052710843373493
UK,Mint Chip Choco,25536,1240,20.593548387096774
India,White Choc,32886,1629,20.1878453038674
India,Orange Choco,23219,1152,20.155381944444443
India,Fruit & Nut Bars,18368,953,19.273871983210913
India,Manuka Honey Choco,18760,991,18.93037336024218
UK,Baker's Choco Chips,39018,2081,18.749639596347908
Australia,70% Dark Bites,39354,2103,18.713266761768903
USA,Spicy Special Slims,25214,1385,18.205054151624548
New Zealand,Peanut Butter Cubes,31374,1806,17.372093023255815
Canada,Caramel Stuffed Bars,33376,2020,16.522772277227723
UK,70% Dark Bites,20713,1259,16.451945988880063
Canada,Mint Chip Choco,15547,1088,14.289522058823529
Canada,Raspberry Choco,12873,971,13.257466529351184
Canada,Eclairs,24325,2101,11.577820085673489
